{
  "eye": {
    "orientation": [
      -0.02142306976020336,
      -0.04996911808848381,
      4.569588345475495E-4,
      0.9985208511352539
    ],
    "magnitude": 0.2799544632434845,
    "position": [
      481.9977722167969,
      427.8114013671875,
      1877.096923828125
    ]
  },
  "radius": 793.2212524414062,
  "type": "PERSPECTIVE"
}