{
  "eye": {
    "orientation": [
      -0.49890363216400146,
      -0.5970027446746826,
      0.0745042935013771,
      0.62380450963974
    ],
    "magnitude": 0.14696766436100006,
    "position": [
      -659.676025390625,
      1206.1123046875,
      -34.274749755859375
    ]
  },
  "radius": 793.2212524414062,
  "type": "PERSPECTIVE"
}