{
  "eye": {
    "orientation": [
      -0.07405001670122147,
      -0.5575084090232849,
      0.055042166262865067,
      0.8250280618667603
    ],
    "magnitude": 0.25619345903396606,
    "position": [
      -1056.346435546875,
      470.7720947265625,
      972.0521850585938
    ]
  },
  "radius": 793.2212524414062,
  "type": "PERSPECTIVE"
}