{
  "eye": {
    "orientation": [
      -0.17874465882778168,
      0.17720915377140045,
      0.01884673535823822,
      0.9676218628883362
    ],
    "magnitude": 0.5773502588272095,
    "position": [
      1175.2674560546875,
      919.5393676757812,
      1684.633544921875
    ]
  },
  "radius": 793.2212524414062,
  "type": "PERSPECTIVE"
}